{
  "regions": [
    "Toscana",
    "Umbria",
    "Lazio",
    "Abruzzo"
  ],
  "n_comuni": 1048,
  "bbox_wgs84": [
    9.68670044224306,
    40.78473378737103,
    14.783013559596805,
    44.47269843916668
  ],
  "score_version": "v2",
  "weights": {
    "imd": 0.35,
    "tcd": 0.25,
    "pop": 0.3,
    "access": 0.1
  },
  "imd": {
    "min": 0.18,
    "median": 1.775,
    "max": 39.34
  },
  "tcd": {
    "min": 1.32,
    "median": 39.425,
    "max": 86.45
  },
  "pop": {
    "min": -24.29,
    "median": -0.625,
    "max": 8.67
  },
  "drive": {
    "min": 5.9,
    "median": 131.8,
    "max": 782.2
  },
  "score": {
    "min": 26.3,
    "median": 65.9,
    "max": 87.0
  },
  "by_region": {
    "Toscana": {
      "n": 273,
      "avg_imd": 3.8732600732600737,
      "avg_tcd": 45.36326007326008,
      "avg_pop": -0.2802564102564103,
      "avg_drive": 213.43992673992676,
      "avg_score": 66.70476190476191
    },
    "Umbria": {
      "n": 92,
      "avg_imd": 2.273586956521739,
      "avg_tcd": 39.41282608695652,
      "avg_pop": -1.0339130434782609,
      "avg_drive": 130.33695652173913,
      "avg_score": 65.89347826086956
    },
    "Lazio": {
      "n": 378,
      "avg_imd": 3.5334656084656086,
      "avg_tcd": 39.27269841269841,
      "avg_pop": -0.634973544973545,
      "avg_drive": 86.28227513227513,
      "avg_score": 65.44206349206348
    },
    "Abruzzo": {
      "n": 305,
      "avg_imd": 3.085704918032787,
      "avg_tcd": 34.33393442622951,
      "avg_pop": -1.4051147540983606,
      "avg_drive": 142.27508196721308,
      "avg_score": 63.29672131147541
    }
  }
}